Altium Designer Pick and Place Locations
C:\Users\The_F\AppData\Local\TempReleases\Snapshot\1\Assembly\Pick Place\Pick Place for ACME_GC_IC901.csv

========================================================================================================================
File Design Information:

Date:       24/08/25
Time:       11:58
Revision:   Not in VersionControl
Variant:    No variations
Units used: mm

"Designator","Layer","Center-X(mm)","Center-Y(mm)","Rotation"
"C19","BottomLayer","225,0000mm","11,2000mm","0"
"C18","BottomLayer","225,0000mm","13,8000mm","0"
"C14","BottomLayer","242,0000mm","11,2000mm","0"
"C13","BottomLayer","242,0000mm","13,8000mm","0"
"C32","TopLayer","281,0876mm","16,5000mm","0"
"C25","TopLayer","103,5000mm","17,5000mm","0"
"LS14","BottomLayer","172,1000mm","18,5000mm","0"
"RVR3","BottomLayer","265,5000mm","19,5000mm","0"
"R12","BottomLayer","11,5000mm","3,5000mm","0"
"Q4","BottomLayer","11,5000mm","6,5000mm","0"
"LVL3","BottomLayer","21,5000mm","21,5000mm","0"
"R10","TopLayer","138,0000mm","13,0000mm","0"
"R11","TopLayer","138,0000mm","11,0000mm","0"
"RVR2","BottomLayer","280,0000mm","19,5000mm","0"
"LVL2","BottomLayer","7,0000mm","21,5000mm","0"
"R24","TopLayer","54,0000mm","14,0000mm","0"
"LS19","BottomLayer","210,2000mm","18,5000mm","0"
"LS20","BottomLayer","229,3000mm","18,5000mm","0"
"LS21","BottomLayer","248,4000mm","18,5000mm","0"
"LS15","BottomLayer","191,1000mm","18,5000mm","0"
"LS13","BottomLayer","153,0000mm","18,5000mm","0"
"LS22","BottomLayer","210,2000mm","6,5000mm","0"
"LS24","BottomLayer","248,4000mm","6,5000mm","0"
"LS23","BottomLayer","229,3000mm","6,5000mm","0"
"LS17","BottomLayer","172,1000mm","6,5000mm","0"
"LS18","BottomLayer","191,1000mm","6,5000mm","0"
"LS16","BottomLayer","153,0000mm","6,5000mm","0"
"R17","BottomLayer","138,9000mm","8,5000mm","0"
"Q9","BottomLayer","138,9000mm","5,5000mm","0"
"LS12","BottomLayer","133,9000mm","6,5000mm","0"
"LS11","BottomLayer","114,8000mm","6,5000mm","0"
"LS10","BottomLayer","95,7000mm","6,5000mm","0"
"R16","BottomLayer","138,9000mm","16,5000mm","0"
"Q8","BottomLayer","138,9000mm","19,5000mm","0"
"LS9","BottomLayer","133,9000mm","18,5000mm","0"
"LS8","BottomLayer","114,8000mm","18,5000mm","0"
"LS7","BottomLayer","95,7000mm","18,5000mm","0"
"LS1","BottomLayer","38,5000mm","18,5000mm","0"
"LS2","BottomLayer","57,6000mm","18,5000mm","0"
"LS3","BottomLayer","76,7000mm","18,5000mm","0"
"LS4","BottomLayer","38,5000mm","6,5000mm","0"
"LS5","BottomLayer","57,6000mm","6,5000mm","0"
"LS6","BottomLayer","76,7000mm","6,5000mm","0"
"Q6","BottomLayer","86,1000mm","19,5000mm","0"
"Q7","BottomLayer","86,1000mm","5,5000mm","0"
"R14","BottomLayer","86,1000mm","16,5000mm","0"
"R15","BottomLayer","86,1000mm","8,5000mm","0"
"R25","TopLayer","54,0000mm","16,5000mm","0"
"Q15","BottomLayer","278,5000mm","12,5000mm","0"
"R5","TopLayer","63,5000mm","16,0000mm","0"
"R6","TopLayer","63,5000mm","9,0000mm","0"
"D5","TopLayer","267,1000mm","6,7500mm","0"
"Q3","TopLayer","71,0000mm","16,0000mm","0"
"R7","TopLayer","77,0000mm","14,0000mm","0"
"R8","TopLayer","77,0000mm","7,0000mm","0"
"R9","TopLayer","77,0000mm","17,0000mm","0"
"CPP4","TopLayer","86,0000mm","20,0000mm","0"
"CPP3","TopLayer","86,0000mm","15,0000mm","0"
"CPP2","TopLayer","86,0000mm","10,0000mm","0"
"CPP1","TopLayer","86,0000mm","5,0000mm","0"
"RVR1","BottomLayer","280,0000mm","5,5000mm","0"
"RLB1","BottomLayer","21,5000mm","3,5000mm","0"
"LVL1","BottomLayer","7,0000mm","3,5000mm","0"
"LB2","BottomLayer","265,5000mm","1,5000mm","0"
"C20","TopLayer","76,5000mm","10,5000mm","0"
"C24","TopLayer","126,0000mm","3,0000mm","0"
"U1","TopLayer","117,5000mm","12,5000mm","135"
"C7","TopLayer","242,0000mm","18,9000mm","180"
"C12","TopLayer","242,0000mm","6,2000mm","180"
"C10","TopLayer","242,0000mm","11,2000mm","180"
"C9","TopLayer","242,0000mm","13,8000mm","180"
"C8","TopLayer","242,0000mm","16,3000mm","180"
"C11","TopLayer","242,0000mm","8,7000mm","180"
"Drv","TopLayer","224,0000mm","20,3000mm","180"
"IC1","TopLayer","236,5000mm","12,5000mm","180"
"R2","TopLayer","236,5000mm","9,5000mm","180"
"D6","TopLayer","230,5000mm","17,5000mm","180"
"C15","TopLayer","236,5124mm","16,5000mm","180"
"D7","TopLayer","232,5000mm","7,5000mm","180"
"R1","TopLayer","227,0000mm","7,5000mm","180"
"L2","TopLayer","229,5000mm","12,5000mm","180"
"C2","TopLayer","258,5000mm","16,4000mm","180"
"C1","TopLayer","258,5000mm","19,0000mm","180"
"C3","TopLayer","258,5000mm","13,8000mm","180"
"C4","TopLayer","258,5000mm","11,2000mm","180"
"C5","TopLayer","258,5000mm","8,6000mm","180"
"C6","TopLayer","258,5000mm","6,0000mm","180"
"C31","TopLayer","5,8124mm","8,5000mm","180"
"C26","TopLayer","103,5000mm","23,5000mm","180"
"R13","BottomLayer","275,5000mm","3,5000mm","180"
"Q5","BottomLayer","275,5000mm","6,5000mm","180"
"LVR3","BottomLayer","265,5000mm","21,5000mm","180"
"RVL3","BottomLayer","21,5000mm","19,5000mm","180"
"LVR2","BottomLayer","280,0000mm","21,5000mm","180"
"RVL2","BottomLayer","7,0000mm","19,5000mm","180"
"R20","BottomLayer","200,7000mm","16,5000mm","180"
"Q12","BottomLayer","200,7000mm","19,5000mm","180"
"RLS19","BottomLayer","210,2000mm","20,6000mm","180"
"RLS20","BottomLayer","229,3000mm","20,6000mm","180"
"RLS21","BottomLayer","248,4000mm","20,6000mm","180"
"RLS15","BottomLayer","191,1000mm","20,6000mm","180"
"RLS14","BottomLayer","172,1000mm","20,6000mm","180"
"RLS13","BottomLayer","153,0000mm","20,6000mm","180"
"R21","BottomLayer","200,7000mm","8,5000mm","180"
"Q13","BottomLayer","200,7000mm","5,5000mm","180"
"RLS22","BottomLayer","210,2000mm","4,4000mm","180"
"RLS24","BottomLayer","248,4000mm","4,4000mm","180"
"RLS23","BottomLayer","229,3000mm","4,4000mm","180"
"RLS17","BottomLayer","172,1000mm","4,4000mm","180"
"RLS18","BottomLayer","191,1000mm","4,4000mm","180"
"RLS16","BottomLayer","153,0000mm","4,4000mm","180"
"RLS12","BottomLayer","133,9000mm","4,4000mm","180"
"RLS11","BottomLayer","114,8000mm","4,4000mm","180"
"RLS10","BottomLayer","95,7000mm","4,4000mm","180"
"RLS9","BottomLayer","133,9000mm","20,6000mm","180"
"RLS8","BottomLayer","114,8000mm","20,6000mm","180"
"RLS7","BottomLayer","95,7000mm","20,6000mm","180"
"Q10","BottomLayer","148,0000mm","19,5000mm","180"
"Q11","BottomLayer","148,0000mm","5,5000mm","180"
"R18","BottomLayer","148,0000mm","16,5000mm","180"
"R19","BottomLayer","148,0000mm","8,5000mm","180"
"RLS1","BottomLayer","38,5000mm","20,6000mm","180"
"RLS2","BottomLayer","57,6000mm","20,6000mm","180"
"RLS3","BottomLayer","76,7000mm","20,6000mm","180"
"RLS4","BottomLayer","38,5000mm","4,4000mm","180"
"RLS5","BottomLayer","57,6000mm","4,4000mm","180"
"RLS6","BottomLayer","76,7000mm","4,4000mm","180"
"Q14","BottomLayer","8,5000mm","12,5000mm","180"
"Q1","TopLayer","63,5000mm","12,5000mm","0"
"RVL1","BottomLayer","7,0000mm","5,5000mm","180"
"RLB2","BottomLayer","265,5000mm","3,5000mm","180"
"LVR1","BottomLayer","280,0000mm","3,5000mm","180"
"LB1","BottomLayer","21,5000mm","1,5000mm","180"
"C22","TopLayer","122,0000mm","3,0000mm","225"
"D8","TopLayer","93,0000mm","10,1000mm","270"
"C16","TopLayer","223,5000mm","15,5000mm","270"
"L1","TopLayer","250,0000mm","12,5000mm","270"
"R22","BottomLayer","11,5000mm","12,5000mm","270"
"R23","BottomLayer","275,5000mm","12,5000mm","270"
"D2","TopLayer","277,0000mm","16,0000mm","270"
"D3","TopLayer","273,5000mm","9,0000mm","270"
"C29","BottomLayer","256,0000mm","5,5000mm","270"
"C23","TopLayer","109,7000mm","22,3000mm","270"
"C30","BottomLayer","31,0000mm","5,5000mm","270"
"C21","TopLayer","112,5000mm","21,5000mm","45"
"R3","TopLayer","93,0000mm","15,0000mm","90"
"C17","TopLayer","223,5000mm","9,5000mm","90"
"Y1","TopLayer","103,5000mm","20,5000mm","90"
"PluX22","BottomLayer","46,5000mm","12,5000mm","90"
"R4","TopLayer","59,5000mm","12,5000mm","90"
"D1","TopLayer","273,5000mm","16,0000mm","90"
"D4","TopLayer","277,0000mm","9,0000mm","90"
"SUSI","TopLayer","137,5750mm","5,5000mm","90"
"Q2","TopLayer","71,0000mm","9,0000mm","90"
"ISP","TopLayer","137,8000mm","19,5000mm","90"
"C28","BottomLayer","256,0000mm","19,5000mm","90"
"C27","BottomLayer","31,0000mm","19,5000mm","90"
"C33","TopLayer","132,0000mm","5,5000mm","90"
